14/09/2020|L22_02_20200914_41801|L22|Agence Mbolo|N°7002417                               |Chèque BICIG        |ORABANK Recettes|49673
14/09/2020|L25_01_20200914_41815|L25|Agence AVORBAM|                                        |Espèces|BGFI BANK|1279932
14/09/2020|L29_01_20200914_41812|L29|Agence FTTH|                                        |Espèces|UBA BANK|2408520
14/09/2020|L29_02_20200914_41825|L29|Agence FTTH|0779170                                 |Chèque UBA          |UBA BANK|63104
14/09/2020|L29_02_20200914_41825|L29|Agence FTTH|3434990                                 |Chèque ORABANK      |UBA BANK|124345
14/09/2020|L29_02_20200914_41825|L29|Agence FTTH|5451259                                 |Chèque BICIG        |UBA BANK|70599
14/09/2020|L29_02_20200914_41825|L29|Agence FTTH|6807211                                 |Chèque BGFI         |UBA BANK|151925
14/09/2020|L29_02_20200914_41825|L29|Agence FTTH|6859723                                 |Chèque BICIG        |UBA BANK|1305109
14/09/2020|L29_02_20200914_41825|L29|Agence FTTH|7191579                                 |Chèque BGFI         |UBA BANK|6577388
14/09/2020|L32_02_20200915_41832|L32|DCM - distribution|3410166                                 |Chèque ORABANK      |ORABANK|94500000
14/09/2020|L32_02_20200915_41832|L32|DCM - distribution|3410167                                 |Chèque ORABANK      |ORABANK|94500000
14/09/2020|L32_02_20200915_41832|L32|DCM - distribution|3410168                                 |Chèque ORABANK      |ORABANK|66150000
14/09/2020|L32_04_20200914_41794|L32|DCM - distribution|872671                                  |BGFI  Virement      | BGFI BANK                              |3553200
14/09/2020|L32_04_20200914_41794|L32|DCM - distribution|872677                                  |BGFI  Virement      | BGFI BANK                              |12927600
14/09/2020|L39_01_20200914_41796|L39|Agence Makokou|                                        |Espèces|ORABANK Recettes|23719500
14/09/2020|L39_01_20200914_41797|L39|Agence Makokou|                                        |Espèces|ORABANK Recettes|59710
14/09/2020|L40_01_20200914_41799|L40|Agence Gamba|                                        |Espèces|BICIG BANK|25000
14/09/2020|L40_01_20200915_41863|L40|Agence Gamba|                                        |Espèces|BICIG BANK|53300
14/09/2020|L79_01_20200914_41828|L79|Agence Tchibanga|                                        |Espèces|ORABANK Recettes|585900
14/09/2020|L79_01_20200914_41829|L79|Agence Tchibanga|                                        |Espèces|ORABANK Recettes|267482
14/09/2020|L80_01_20200914_41792|L80|Agence Bitam|                                        |Espèces|UGB BANK|444150
14/09/2020|L80_01_20200914_41793|L80|Agence Bitam|                                        |Espèces|UGB BANK|362920
14/09/2020|L80_01_20200914_41830|L80|Agence Bitam|                                        |Espèces|UGB BANK|75600
14/09/2020|L87_01_20200914_41800|L87|Agence PK8|                                        |Espèces|UBA BANK|256674
14/09/2020|M02_01_20200914_41806|M02|Agence Awendje|                                        |Espèces|UBA BANK|85050
14/09/2020|M02_01_20200914_41807|M02|Agence Awendje|                                        |Espèces|UBA BANK|1669462
15/09/2020|L02_01_20200915_41843|L02|Agence Okala|                                        |Espèces|BGFI BANK|370271
15/09/2020|L02_02_20200915_41841|L02|Agence Okala|0954714                                 |Chèque CITIGROUP    |BGFI BANK|1360202
15/09/2020|L02_02_20200915_41841|L02|Agence Okala|4471598                                 |Chèque BICIG        |BGFI BANK|406238
15/09/2020|L03_01_20200915_41865|L03|Agence des Arcades|                                        |Espèces|UBA BANK|1588690
15/09/2020|L03_02_20200915_41859|L03|Agence des Arcades|3018820                                 |Chèque ECOBANK      |UBA BANK|263114
15/09/2020|L03_02_20200915_41859|L03|Agence des Arcades|3350546                                 |Chèque ORABANK      |UBA BANK|151271
15/09/2020|L03_02_20200915_41859|L03|Agence des Arcades|6551249                                 |Chèque BICIG        |UBA BANK|1814469
15/09/2020|L03_02_20200915_41859|L03|Agence des Arcades|7005168                                 |Chèque BICIG        |UBA BANK|58200
15/09/2020|L03_02_20200915_41859|L03|Agence des Arcades|7181860                                 |Chèque BGFI         |UBA BANK|45381
15/09/2020|L03_02_20200915_41859|L03|Agence des Arcades|7202193                                 |Chèque BGFI         |UBA BANK|60000
15/09/2020|L03_02_20200915_41859|L03|Agence des Arcades|7340753                                 |Chèque BGFI         |UBA BANK|70582
15/09/2020|L03_02_20200915_41859|L03|Agence des Arcades|7687914                                 |Chèque UGB          |UBA BANK|171692
15/09/2020|L04_01_20200915_41851|L04|Agence Evolis|                                        |Espèces|UBA BANK|1141689
15/09/2020|L04_02_20200915_41849|L04|Agence Evolis|3006177                                 |Chèque ECOBANK      |UBA BANK|175448
15/09/2020|L04_02_20200915_41849|L04|Agence Evolis|5564082                                 |Chèque UGB          |UBA BANK|582747
15/09/2020|L04_02_20200915_41849|L04|Agence Evolis|5564083                                 |Chèque UGB          |UBA BANK|110831
15/09/2020|L04_02_20200915_41849|L04|Agence Evolis|5802884                                 |Chèque BGFI         |UBA BANK|514634
15/09/2020|L04_02_20200915_41849|L04|Agence Evolis|6269573                                 |Chèque BICIG        |UBA BANK|302999
15/09/2020|L04_02_20200915_41849|L04|Agence Evolis|6588945                                 |Chèque BICIG        |UBA BANK|1225700
15/09/2020|L04_02_20200915_41849|L04|Agence Evolis|6637228                                 |Chèque BGFI         |UBA BANK|278191
15/09/2020|L04_02_20200915_41849|L04|Agence Evolis|6641633                                 |Chèque BICIG        |UBA BANK|44030
15/09/2020|L04_02_20200915_41849|L04|Agence Evolis|6641634                                 |Chèque BICIG        |UBA BANK|47600
15/09/2020|L04_02_20200915_41849|L04|Agence Evolis|6792567                                 |Chèque BGFI         |UBA BANK|45374
15/09/2020|L04_02_20200915_41849|L04|Agence Evolis|6799854                                 |Chèque BICIG        |UBA BANK|68106
15/09/2020|L04_02_20200915_41849|L04|Agence Evolis|6873025                                 |Chèque BGFI         |UBA BANK|1584098
15/09/2020|L04_02_20200915_41849|L04|Agence Evolis|7304530                                 |Chèque BGFI         |UBA BANK|839759
15/09/2020|L04_02_20200915_41849|L04|Agence Evolis|9029017                                 |Chèque UGB          |UBA BANK|226440
15/09/2020|L04_02_20200915_41849|L04|Agence Evolis|9980926                                 |Chèque UGB          |UBA BANK|45381
15/09/2020|L04_02_20200915_41849|L04|Agence Evolis|9997123                                 |Chèque UGB          |UBA BANK|186971
15/09/2020|L04_02_20200915_41849|L04|Agence Evolis|9997124                                 |Chèque UGB          |UBA BANK|33439
15/09/2020|L04_02_20200915_41849|L04|Agence Evolis|9997125                                 |Chèque UGB          |UBA BANK|10186
15/09/2020|L05_01_20200915_41854|L05|Agence Principale|                                        |Espèces|BGFI BANK|3111800
15/09/2020|L05_02_20200915_41838|L05|Agence Principale|0006338                                 |Chèque UGB          |BGFI BANK|555635
15/09/2020|L05_02_20200915_41838|L05|Agence Principale|0006339                                 |Chèque UGB          |BGFI BANK|75757
15/09/2020|L05_02_20200915_41838|L05|Agence Principale|3193154                                 |Chèque ORABANK      |BGFI BANK|71400
15/09/2020|L05_02_20200915_41838|L05|Agence Principale|3315759                                 |Chèque ORABANK      |BGFI BANK|291761
15/09/2020|L05_02_20200915_41838|L05|Agence Principale|3315760                                 |Chèque ORABANK      |BGFI BANK|17850
15/09/2020|L05_02_20200915_41838|L05|Agence Principale|3422561                                 |Chèque ORABANK      |BGFI BANK|1088009
15/09/2020|L05_02_20200915_41838|L05|Agence Principale|3461412                                 |Chèque ORABANK      |BGFI BANK|2757066
15/09/2020|L05_02_20200915_41838|L05|Agence Principale|6788971                                 |Chèque BICIG        |BGFI BANK|25211
15/09/2020|L05_02_20200915_41838|L05|Agence Principale|6788972                                 |Chèque BICIG        |BGFI BANK|44030
15/09/2020|L05_02_20200915_41838|L05|Agence Principale|7027466                                 |Chèque BICIG        |BGFI BANK|3785405
15/09/2020|L05_02_20200915_41838|L05|Agence Principale|7027467                                 |Chèque BICIG        |BGFI BANK|4395560
15/09/2020|L05_02_20200915_41838|L05|Agence Principale|7112184                                 |Chèque BICIG        |BGFI BANK|187334
15/09/2020|L05_02_20200915_41838|L05|Agence Principale|7965664                                 |Chèque UGB          |BGFI BANK|145288
15/09/2020|L05_02_20200915_41838|L05|Agence Principale|9191581                                 |Chèque UGB          |BGFI BANK|2516221
15/09/2020|L05_02_20200915_41838|L05|Agence Principale|9191582                                 |Chèque UGB          |BGFI BANK|296395
15/09/2020|L05_02_20200915_41838|L05|Agence Principale|9622289                                 |Chèque UGB          |BGFI BANK|792931
15/09/2020|L05_02_20200915_41838|L05|Agence Principale|9730616                                 |Chèque UGB          |BGFI BANK|58310
15/09/2020|L06_01_20200915_41846|L06|Agence Nzeng Ayong|                                        |Espèces|CITIBANK|1015057
15/09/2020|L07_01_20200915_41860|L07|Agence Sainte Marie|                                        |Espèces|UBA BANK|94500
15/09/2020|L07_01_20200915_41861|L07|Agence Sainte Marie|                                        |Espèces|UBA BANK|218245
15/09/2020|L08_01_20200915_41845|L08|Agence Owendo|                                        |Espèces|UBA BANK|1727709
15/09/2020|L10_01_20200915_41868|L10|Agence Carrefour SNI|                                        |Espèces|UBA BANK|268933
15/09/2020|L11_01_20200915_41869|L11|Agence Franceville|                                        |Espèces|UGB BANK|479282
15/09/2020|L11_02_20200915_41866|L11|Agence Franceville|9994905                                 |Chèque UGB          |UGB BANK|1292374
15/09/2020|L11_02_20200915_41867|L11|Agence Franceville|9994906                                 |Chèque UGB          |UGB BANK|127119
15/09/2020|L11_02_20200915_41862|L11|Agence Franceville|9994908                                 |Chèque UGB          |UGB BANK|8453390
15/09/2020|L11_02_20200915_41857|L11|Agence Franceville|9994909                                 |Chèque UGB          |UGB BANK|8453390
15/09/2020|L12_01_20200915_41872|L12|Agence Port-Gentil|                                        |Espèces|UGB BANK|40000
15/09/2020|L12_01_20200915_41873|L12|Agence Port-Gentil|                                        |Espèces|UGB BANK|943771
15/09/2020|L12_02_20200915_41874|L12|Agence Port-Gentil|2861476                                 |Chèque ECOBANK      |BGFI BANK|17850
15/09/2020|L12_02_20200915_41874|L12|Agence Port-Gentil|2867398                                 |Chèque ECOBANK      |BGFI BANK|198980
15/09/2020|L12_02_20200915_41874|L12|Agence Port-Gentil|2867399                                 |Chèque ECOBANK      |BGFI BANK|75636
15/09/2020|L12_02_20200915_41874|L12|Agence Port-Gentil|2867400                                 |Chèque ECOBANK      |BGFI BANK|100847
15/09/2020|L12_02_20200915_41874|L12|Agence Port-Gentil|2926742                                 |Chèque BICIG        |BGFI BANK|44030
15/09/2020|L12_02_20200915_41874|L12|Agence Port-Gentil|3078052                                 |Chèque ORABANK      |BGFI BANK|151271
15/09/2020|L12_02_20200915_41874|L12|Agence Port-Gentil|3078053                                 |Chèque ORABANK      |BGFI BANK|151271
15/09/2020|L12_02_20200915_41874|L12|Agence Port-Gentil|3331350                                 |Chèque ORABANK      |BGFI BANK|317991
15/09/2020|L12_02_20200915_41874|L12|Agence Port-Gentil|3408594                                 |Chèque ORABANK      |BGFI BANK|87273
15/09/2020|L12_02_20200915_41874|L12|Agence Port-Gentil|3458382                                 |Chèque ORABANK      |BGFI BANK|137172
15/09/2020|L12_02_20200915_41874|L12|Agence Port-Gentil|5936524                                 |Chèque BGFI         |BGFI BANK|902680
15/09/2020|L12_02_20200915_41874|L12|Agence Port-Gentil|6233873                                 |Chèque BICIG        |BGFI BANK|63856
15/09/2020|L12_02_20200915_41874|L12|Agence Port-Gentil|6892371                                 |Chèque BICIG        |BGFI BANK|331996
15/09/2020|L12_02_20200915_41874|L12|Agence Port-Gentil|6987776                                 |Chèque BICIG        |BGFI BANK|402459
15/09/2020|L12_02_20200915_41874|L12|Agence Port-Gentil|6991991                                 |Chèque BICIG        |BGFI BANK|2008167
15/09/2020|L12_02_20200915_41874|L12|Agence Port-Gentil|7342361                                 |Chèque BGFI         |BGFI BANK|23666
15/09/2020|L12_02_20200915_41874|L12|Agence Port-Gentil|7342364                                 |Chèque BGFI         |BGFI BANK|236351
15/09/2020|L12_02_20200915_41874|L12|Agence Port-Gentil|7467280                                 |Chèque UGB          |BGFI BANK|136143
15/09/2020|L13_01_20200915_41833|L13|Agence Koulamoutou|                                        |Espèces|ORABANK Recettes|59000
15/09/2020|L13_01_20200915_41835|L13|Agence Koulamoutou|                                        |Espèces|ORABANK Recettes|472500
15/09/2020|L14_01_20200915_41834|L14|Agence Oyem|                                        |Espèces|UGB BANK|1842750
15/09/2020|L14_01_20200916_41876|L14|Agence Oyem|                                        |Espèces|UGB BANK|30000
15/09/2020|L15_01_20200915_41850|L15|Agence Lambaréné|                                        |Espèces|   BGFI BANK                            |71138
15/09/2020|L16_01_20200915_41871|L16|Agence Mouila|                                        |Espèces|BICIG BANK|222343
15/09/2020|L17_01_20200915_41839|L17|Agence Moanda|                                        |Espèces|   BGFI BANK                            |327066
15/09/2020|L22_01_20200915_41856|L22|Agence Mbolo|                                        |Espèces|ORABANK Recettes|3044433
15/09/2020|L22_02_20200915_41853|L22|Agence Mbolo|7007156                                 |Chèque BICIG        |ORABANK Recettes|21057
15/09/2020|L22_02_20200915_41853|L22|Agence Mbolo|N° 7129825                              |Chèque BICIG        |ORABANK Recettes|279868
15/09/2020|L22_02_20200915_41853|L22|Agence Mbolo|N°7505069                               |Chèque UGB          |ORABANK Recettes|25173
15/09/2020|L25_01_20200915_41840|L25|Agence AVORBAM|                                        |Espèces|BGFI BANK|9450
15/09/2020|L25_01_20200915_41844|L25|Agence AVORBAM|                                        |Espèces|BGFI BANK|1236395
15/09/2020|L25_02_20200915_41842|L25|Agence AVORBAM|7337488                                 |Chèque BGFI         |BGFI BANK|38019
15/09/2020|L29_01_20200915_41858|L29|Agence FTTH|                                        |Espèces|BGFI BANK|1322854
15/09/2020|L29_02_20200915_41870|L29|Agence FTTH|0846958                                 |Chèque UBA          | BGFI BANK                              |75636
15/09/2020|L29_02_20200915_41870|L29|Agence FTTH|5798965                                 |Chèque BGFI         | BGFI BANK                              |75637
15/09/2020|L29_02_20200915_41870|L29|Agence FTTH|7078337                                 |Chèque BGFI         | BGFI BANK                              |25213
15/09/2020|L32_02_20200916_41878|L32|DCM - distribution|0014025                                 |Chèque ECOBANK      |BGFI BANK|94500000
15/09/2020|L32_02_20200916_41878|L32|DCM - distribution|0014026                                 |Chèque ECOBANK      |BGFI BANK|47850000
15/09/2020|L32_02_20200916_41878|L32|DCM - distribution|6929264                                 |Chèque BICIG        |BGFI BANK|75000000
15/09/2020|L32_04_20200915_41836|L32|DCM - distribution|873407                                  |BGFI  Virement      |BGFI BANK|18087300
15/09/2020|L39_01_20200916_41877|L39|Agence Makokou|                                        |Espèces|ORABANK Recettes|25300
15/09/2020|L40_01_20200915_41864|L40|Agence Gamba|                                        |Espèces|BICIG BANK|56400
15/09/2020|L79_01_20200916_41922|L79|Agence Tchibanga|                                        |Espèces|ORABANK Recettes|472500
15/09/2020|L80_01_20200915_41875|L80|Agence Bitam|                                        |Espèces|UGB BANK|18900
15/09/2020|L86_01_20200915_41847|L86|Agence Mont-Bouet|                                        |Espèces|UBA BANK|60669
15/09/2020|L86_01_20200915_41852|L86|Agence Mont-Bouet|                                        |Espèces|UBA BANK|47250
15/09/2020|L87_01_20200915_41837|L87|Agence PK8|                                        |Espèces|UBA BANK|140426
15/09/2020|M02_01_20200915_41848|M02|Agence Awendje|                                        |Espèces|UBA BANK|9450
15/09/2020|M02_01_20200915_41855|M02|Agence Awendje|                                        |Espèces|UBA BANK|284777
16/09/2020|L02_01_20200916_41893|L02|Agence Okala|                                        |Espèces|BGFI BANK|356105
16/09/2020|L02_02_20200916_41889|L02|Agence Okala|5214737                                 |Chèque BICIG        |BGFI BANK|35300
16/09/2020|L02_02_20200916_41888|L02|Agence Okala|6939866                                 |Chèque BGFI         |BGFI BANK|92131
16/09/2020|L02_02_20200916_41888|L02|Agence Okala|7235335                                 |Chèque BGFI         |BGFI BANK|25213
16/09/2020|L02_02_20200916_41889|L02|Agence Okala|7935456                                 |Chèque UGB          |BGFI BANK|35297
16/09/2020|L03_01_20200916_41913|L03|Agence des Arcades|                                        |Espèces|BGFI BANK|1927244
16/09/2020|L03_02_20200916_41912|L03|Agence des Arcades|3178410                                 |Chèque ORABANK      |BGFI BANK|79831
16/09/2020|L03_02_20200916_41912|L03|Agence des Arcades|4443556                                 |Chèque BICIG        |BGFI BANK|171442
16/09/2020|L03_02_20200916_41912|L03|Agence des Arcades|6852505                                 |Chèque BICIG        |BGFI BANK|2354126
16/09/2020|L04_01_20200916_41902|L04|Agence Evolis|                                        |Espèces|UBA BANK|1769671
16/09/2020|L04_02_20200916_41901|L04|Agence Evolis|5752698                                 |Chèque BICIG        |UBA BANK|396264
16/09/2020|L04_02_20200916_41901|L04|Agence Evolis|6028725                                 |Chèque BGFI         |UBA BANK|3743539
16/09/2020|L04_02_20200916_41901|L04|Agence Evolis|6491701                                 |Chèque CDC          |UBA BANK|600000
16/09/2020|L04_02_20200916_41901|L04|Agence Evolis|6605661                                 |Chèque BICIG        |UBA BANK|687402
16/09/2020|L04_02_20200916_41901|L04|Agence Evolis|6767100                                 |Chèque BGFI         |UBA BANK|341329
16/09/2020|L04_02_20200916_41901|L04|Agence Evolis|6886447                                 |Chèque BGFI         |UBA BANK|170210
16/09/2020|L04_02_20200916_41901|L04|Agence Evolis|6930102                                 |Chèque BICIG        |UBA BANK|388154
16/09/2020|L04_02_20200916_41901|L04|Agence Evolis|7006931                                 |Chèque BICIG        |UBA BANK|30161380
16/09/2020|L04_02_20200916_41901|L04|Agence Evolis|7268684                                 |Chèque BGFI         |UBA BANK|3679842
16/09/2020|L04_02_20200916_41901|L04|Agence Evolis|7268685                                 |Chèque BGFI         |UBA BANK|89250
16/09/2020|L04_02_20200916_41901|L04|Agence Evolis|7268686                                 |Chèque BGFI         |UBA BANK|327732
16/09/2020|L04_02_20200916_41901|L04|Agence Evolis|7268700                                 |Chèque BGFI         |UBA BANK|23957
16/09/2020|L04_02_20200916_41901|L04|Agence Evolis|7268701                                 |Chèque BGFI         |UBA BANK|160498
16/09/2020|L04_02_20200916_41901|L04|Agence Evolis|7411913                                 |Chèque BGFI         |UBA BANK|621665
16/09/2020|L04_02_20200916_41901|L04|Agence Evolis|7411914                                 |Chèque BGFI         |UBA BANK|390811
16/09/2020|L05_01_20200916_41909|L05|Agence Principale|                                        |Espèces|UBA BANK|1673472
16/09/2020|L05_02_20200916_41906|L05|Agence Principale|    9907745                             |Chèque UGB          |UBA BANK|17850
16/09/2020|L05_02_20200916_41906|L05|Agence Principale|2687590                                 |Chèque ORABANK      |UBA BANK|409448
16/09/2020|L05_02_20200916_41906|L05|Agence Principale|3428646                                 |Chèque ORABANK      |UBA BANK|123377
16/09/2020|L05_02_20200916_41906|L05|Agence Principale|6816938                                 |Chèque BICIG        |UBA BANK|169870
16/09/2020|L05_02_20200916_41906|L05|Agence Principale|9907743                                 |Chèque UGB          |UBA BANK|76967
16/09/2020|L05_02_20200916_41906|L05|Agence Principale|9907744                                 |Chèque UGB          |UBA BANK|136145
16/09/2020|L05_02_20200916_41906|L05|Agence Principale|9929106                                 |Chèque UGB          |UBA BANK|75623
16/09/2020|L06_01_20200916_41892|L06|Agence Nzeng Ayong|                                        |Espèces|UBA BANK|534469
16/09/2020|L07_01_20200916_41899|L07|Agence Sainte Marie|                                        |Espèces|UBA BANK|18900
16/09/2020|L07_01_20200916_41900|L07|Agence Sainte Marie|                                        |Espèces|UBA BANK|906474
16/09/2020|L07_02_20200916_41897|L07|Agence Sainte Marie|5603475                                 |Chèque BICIG        |UBA BANK|415492
16/09/2020|L07_02_20200916_41897|L07|Agence Sainte Marie|6295324                                 |Chèque BICIG        |UBA BANK|44030
16/09/2020|L07_02_20200916_41897|L07|Agence Sainte Marie|6482543                                 |Chèque BICIG        |UBA BANK|45381
16/09/2020|L07_02_20200916_41897|L07|Agence Sainte Marie|6985750                                 |Chèque BICIG        |UBA BANK|184964
16/09/2020|L07_02_20200916_41897|L07|Agence Sainte Marie|7841689                                 |Chèque UGB          |UBA BANK|120103
16/09/2020|L08_01_20200916_41898|L08|Agence Owendo|                                        |Espèces|UBA BANK|1891523
16/09/2020|L08_02_20200916_41905|L08|Agence Owendo|6511091                                 |Chèque BGFI         |UBA BANK|35298
16/09/2020|L08_02_20200916_41905|L08|Agence Owendo|6761650                                 |Chèque BGFI         |UBA BANK|46107
16/09/2020|L08_02_20200916_41905|L08|Agence Owendo|6947313                                 |Chèque BICIG        |UBA BANK|50418
16/09/2020|L08_02_20200916_41905|L08|Agence Owendo|7030562                                 |Chèque BICIG        |UBA BANK|50707
16/09/2020|L10_01_20200916_41895|L10|Agence Carrefour SNI|                                        |Espèces|UBA BANK|147378
16/09/2020|L11_01_20200916_41914|L11|Agence Franceville|                                        |Espèces|UGB BANK|249857
16/09/2020|L12_01_20200916_41920|L12|Agence Port-Gentil|                                        |Espèces|UGB BANK|1656179
16/09/2020|L12_02_20200916_41921|L12|Agence Port-Gentil|0000199                                 |Chèque UGB          |BGFI BANK|128783
16/09/2020|L12_02_20200916_41921|L12|Agence Port-Gentil|0690636                                 |Chèque UBA          |BGFI BANK|260798
16/09/2020|L12_02_20200916_41921|L12|Agence Port-Gentil|0756975                                 |Chèque UBA          |BGFI BANK|270286
16/09/2020|L12_02_20200916_41921|L12|Agence Port-Gentil|3176977                                 |Chèque ECOBANK      |BGFI BANK|136143
16/09/2020|L12_02_20200916_41921|L12|Agence Port-Gentil|3363080                                 |Chèque ORABANK      |BGFI BANK|213750
16/09/2020|L12_02_20200916_41921|L12|Agence Port-Gentil|3363081                                 |Chèque ORABANK      |BGFI BANK|113050
16/09/2020|L12_02_20200916_41921|L12|Agence Port-Gentil|6398624                                 |Chèque BGFI         |BGFI BANK|126059
16/09/2020|L12_02_20200916_41921|L12|Agence Port-Gentil|6551631                                 |Chèque BICIG        |BGFI BANK|88247
16/09/2020|L12_02_20200916_41921|L12|Agence Port-Gentil|6795333                                 |Chèque BGFI         |BGFI BANK|77490
16/09/2020|L12_02_20200916_41921|L12|Agence Port-Gentil|6797522                                 |Chèque BICIG        |BGFI BANK|52239
16/09/2020|L12_02_20200916_41921|L12|Agence Port-Gentil|6870905                                 |Chèque BICIG        |BGFI BANK|34449
16/09/2020|L12_02_20200916_41921|L12|Agence Port-Gentil|6955470                                 |Chèque BICIG        |BGFI BANK|99274
16/09/2020|L12_02_20200916_41921|L12|Agence Port-Gentil|7071381                                 |Chèque BICIG        |BGFI BANK|137152
16/09/2020|L12_02_20200916_41921|L12|Agence Port-Gentil|7134649                                 |Chèque BICIG        |BGFI BANK|45381
16/09/2020|L12_02_20200916_41921|L12|Agence Port-Gentil|7388437                                 |Chèque BGFI         |BGFI BANK|784688
16/09/2020|L13_01_20200916_41886|L13|Agence Koulamoutou|                                        |Espèces|ORABANK Recettes|25000
16/09/2020|L14_01_20200916_41882|L14|Agence Oyem|                                        |Espèces|UGB BANK|2835000
16/09/2020|L14_01_20200916_41883|L14|Agence Oyem|                                        |Espèces|UGB BANK|10000
16/09/2020|L15_01_20200916_41904|L15|Agence Lambaréné|                                        |Espèces|   BGFI BANK                            |15126
16/09/2020|L16_01_20200916_41923|L16|Agence Mouila|                                        |Espèces|BICIG BANK|758302
16/09/2020|L17_01_20200916_41917|L17|Agence Moanda|                                        |Espèces|   BGFI BANK                            |392535
16/09/2020|L17_02_20200916_41916|L17|Agence Moanda|6678256                                 |Chèque BICIG        |   BGFI BANK                            |35639
16/09/2020|L17_02_20200916_41916|L17|Agence Moanda|6678257                                 |Chèque BICIG        |   BGFI BANK                            |28399
16/09/2020|L19_02_20200916_41879|L19|Agence Vente Indirecte|0014027                                 |Chèque ECOBANK      |UBA BANK|20790000
16/09/2020|L19_02_20200916_41879|L19|Agence Vente Indirecte|0014028                                 |Chèque ECOBANK      |UBA BANK|18880000
16/09/2020|L22_01_20200916_41891|L22|Agence Mbolo|                                        |Espèces|ORABANK Recettes|2401672
16/09/2020|L22_02_20200916_41887|L22|Agence Mbolo|7362061                                 |Chèque BGFI         |ORABANK Recettes|792996
16/09/2020|L22_02_20200916_41887|L22|Agence Mbolo|N° 73388958                             |Chèque BGFI         |ORABANK Recettes|135513
16/09/2020|L25_01_20200916_41903|L25|Agence AVORBAM|                                        |Espèces|BGFI BANK|915835
16/09/2020|L25_02_20200916_41896|L25|Agence AVORBAM|3283531                                 |Chèque ORABANK      |BGFI BANK|726119
16/09/2020|L25_02_20200916_41896|L25|Agence AVORBAM|3283532                                 |Chèque ORABANK      |BGFI BANK|166526
16/09/2020|L29_01_20200916_41918|L29|Agence FTTH|                                        |Espèces|UBA BANK|2023829
16/09/2020|L29_02_20200916_41915|L29|Agence FTTH|0104144                                 |Chèque CITIGROUP    |UBA BANK|142976
16/09/2020|L29_02_20200916_41915|L29|Agence FTTH|5307041                                 |Chèque BGFI         |UBA BANK|1190969
16/09/2020|L29_02_20200916_41915|L29|Agence FTTH|6486638                                 |Chèque CDC          |UBA BANK|7549836
16/09/2020|L29_02_20200916_41915|L29|Agence FTTH|6604472                                 |Chèque BGFI         |UBA BANK|45381
16/09/2020|L29_02_20200916_41915|L29|Agence FTTH|6767003                                 |Chèque BGFI         |UBA BANK|100847
16/09/2020|L29_02_20200916_41915|L29|Agence FTTH|6888364                                 |Chèque BGFI         |UBA BANK|45381
16/09/2020|L29_02_20200916_41915|L29|Agence FTTH|6946114                                 |Chèque BICIG        |UBA BANK|169987
16/09/2020|L29_02_20200916_41915|L29|Agence FTTH|6965110                                 |Chèque BICIG        |UBA BANK|45381
16/09/2020|L29_02_20200916_41915|L29|Agence FTTH|6965111                                 |Chèque BICIG        |UBA BANK|176025
16/09/2020|L29_02_20200916_41915|L29|Agence FTTH|7043337                                 |Chèque BICIG        |UBA BANK|247734
16/09/2020|L29_02_20200916_41915|L29|Agence FTTH|7136288                                 |Chèque BGFI         |UBA BANK|45381
16/09/2020|L29_02_20200916_41915|L29|Agence FTTH|7148871                                 |Chèque BGFI         |UBA BANK|823749
16/09/2020|L29_02_20200916_41915|L29|Agence FTTH|7166441                                 |Chèque BGFI         |UBA BANK|45381
16/09/2020|L29_02_20200916_41915|L29|Agence FTTH|7244178                                 |Chèque BGFI         |UBA BANK|45381
16/09/2020|L29_02_20200916_41915|L29|Agence FTTH|7264335                                 |Chèque BGFI         |UBA BANK|45381
16/09/2020|L29_02_20200916_41915|L29|Agence FTTH|7303443                                 |Chèque BGFI         |UBA BANK|90079
16/09/2020|L29_02_20200916_41915|L29|Agence FTTH|7555721                                 |Chèque UGB          |UBA BANK|65551
16/09/2020|L32_02_20200917_41924|L32|DCM - distribution|0014030                                 |Chèque ECOBANK      |BGFI BANK|94500000
16/09/2020|L32_02_20200917_41924|L32|DCM - distribution|0014031                                 |Chèque ECOBANK      |BGFI BANK|94500000
16/09/2020|L32_02_20200917_41924|L32|DCM - distribution|0014032                                 |Chèque ECOBANK      |BGFI BANK|49500000
16/09/2020|L32_02_20200917_41924|L32|DCM - distribution|6929298                                 |Chèque BICIG        |BGFI BANK|45000000
16/09/2020|L32_04_20200916_41881|L32|DCM - distribution|874114                                  |BGFI  Virement      | BGFI BANK                              |2286900
16/09/2020|L32_04_20200916_41881|L32|DCM - distribution|874115                                  |BGFI  Virement      | BGFI BANK                              |3609900
16/09/2020|L39_01_20200916_41884|L39|Agence Makokou|                                        |Espèces|ORABANK Recettes|19967850
16/09/2020|L39_01_20200916_41885|L39|Agence Makokou|                                        |Espèces|ORABANK Recettes|102000
16/09/2020|L40_01_20200916_41919|L40|Agence Gamba|                                        |Espèces|BICIG BANK|11500
16/09/2020|L79_01_20200916_41880|L79|Agence Tchibanga|                                        |Espèces|ORABANK Recettes|378000
16/09/2020|L80_01_20200916_41910|L80|Agence Bitam|                                        |Espèces|UGB BANK|63192
16/09/2020|L86_01_20200916_41890|L86|Agence Mont-Bouet|                                        |Espèces|UBA BANK|122850
16/09/2020|L86_01_20200916_41894|L86|Agence Mont-Bouet|                                        |Espèces|UBA BANK|100954
16/09/2020|L87_01_20200916_41911|L87|Agence PK8|                                        |Espèces|UBA BANK|585149
16/09/2020|M02_01_20200916_41907|M02|Agence Awendje|                                        |Espèces|UBA BANK|75600
16/09/2020|M02_01_20200916_41908|M02|Agence Awendje|                                        |Espèces|UBA BANK|299669
17/09/2020|L02_01_20200917_41935|L02|Agence Okala|                                        |Espèces|BGFI BANK|720604
17/09/2020|L03_01_20200917_41958|L03|Agence des Arcades|                                        |Espèces|UBA BANK|1988772
17/09/2020|L03_02_20200917_41956|L03|Agence des Arcades|0 000484                                |Chèque UGB          |UBA BANK|45381
17/09/2020|L03_02_20200917_41956|L03|Agence des Arcades|0000422                                 |Chèque UGB          |UBA BANK|228884
17/09/2020|L03_02_20200917_41956|L03|Agence des Arcades|3076963                                 |Chèque ORABANK      |UBA BANK|145826
17/09/2020|L03_02_20200917_41956|L03|Agence des Arcades|5707366                                 |Chèque BICIG        |UBA BANK|45000
17/09/2020|L03_02_20200917_41956|L03|Agence des Arcades|6404244                                 |Chèque BGFI         |UBA BANK|99787
17/09/2020|L03_02_20200917_41956|L03|Agence des Arcades|6812546                                 |Chèque UGB          |UBA BANK|129704
17/09/2020|L03_02_20200917_41956|L03|Agence des Arcades|7656546                                 |Chèque UGB          |UBA BANK|155387
17/09/2020|L04_01_20200917_41946|L04|Agence Evolis|                                        |Espèces|CITIBANK|1594241
17/09/2020|L04_02_20200917_41944|L04|Agence Evolis|0000226                                 |Chèque UGB          |CITIBANK|88782
17/09/2020|L04_02_20200917_41944|L04|Agence Evolis|0002658                                 |Chèque UGB          |CITIBANK|101467
17/09/2020|L04_02_20200917_41944|L04|Agence Evolis|0007420                                 |Chèque UGB          |CITIBANK|2826730
17/09/2020|L04_02_20200917_41944|L04|Agence Evolis|2220375                                 |Chèque ORABANK      |CITIBANK|2175744
17/09/2020|L04_02_20200917_41944|L04|Agence Evolis|2220378                                 |Chèque ORABANK      |CITIBANK|1034127
17/09/2020|L04_02_20200917_41944|L04|Agence Evolis|3085071                                 |Chèque ECOBANK      |CITIBANK|180007
17/09/2020|L04_02_20200917_41944|L04|Agence Evolis|3247060                                 |Chèque ORABANK      |CITIBANK|7025670
17/09/2020|L04_02_20200917_41944|L04|Agence Evolis|3340241                                 |Chèque ORABANK      |CITIBANK|105875
17/09/2020|L04_02_20200917_41944|L04|Agence Evolis|6491708                                 |Chèque CDC          |CITIBANK|7500000
17/09/2020|L04_02_20200917_41944|L04|Agence Evolis|6795084                                 |Chèque BICIG        |CITIBANK|926816
17/09/2020|L04_02_20200917_41944|L04|Agence Evolis|6865163                                 |Chèque BGFI         |CITIBANK|161679
17/09/2020|L04_02_20200917_41944|L04|Agence Evolis|6924109                                 |Chèque BGFI         |CITIBANK|186971
17/09/2020|L04_02_20200917_41944|L04|Agence Evolis|6945434                                 |Chèque BICIG        |CITIBANK|476247
17/09/2020|L04_02_20200917_41944|L04|Agence Evolis|7076358                                 |Chèque BICIG        |CITIBANK|205878
17/09/2020|L04_02_20200917_41944|L04|Agence Evolis|7102924                                 |Chèque BGFI         |CITIBANK|215128
17/09/2020|L04_02_20200917_41944|L04|Agence Evolis|7130309                                 |Chèque BICIG        |CITIBANK|315351
17/09/2020|L04_02_20200917_41944|L04|Agence Evolis|7627611                                 |Chèque UGB          |CITIBANK|1831534
17/09/2020|L05_01_20200917_41937|L05|Agence Principale|                                        |Espèces|BGFI BANK|1749550
17/09/2020|L05_02_20200917_41933|L05|Agence Principale|0000450                                 |Chèque UGB          |BGFI BANK|123236
17/09/2020|L05_02_20200917_41933|L05|Agence Principale|0002602                                 |Chèque UGB          |BGFI BANK|67395
17/09/2020|L05_02_20200917_41933|L05|Agence Principale|2918774                                 |Chèque ECOBANK      |BGFI BANK|101977
17/09/2020|L05_02_20200917_41933|L05|Agence Principale|3213074                                 |Chèque ORABANK      |BGFI BANK|163735
17/09/2020|L05_02_20200917_41933|L05|Agence Principale|3213076                                 |Chèque ORABANK      |BGFI BANK|39331
17/09/2020|L05_02_20200917_41933|L05|Agence Principale|3213077                                 |Chèque ORABANK      |BGFI BANK|45381
17/09/2020|L05_02_20200917_41933|L05|Agence Principale|3454622                                 |Chèque ORABANK      |BGFI BANK|3079249
17/09/2020|L05_02_20200917_41933|L05|Agence Principale|6111409                                 |Chèque BICIG        |BGFI BANK|45381
17/09/2020|L05_02_20200917_41933|L05|Agence Principale|6474819                                 |Chèque BICIG        |BGFI BANK|31163493
17/09/2020|L05_02_20200917_41933|L05|Agence Principale|6615173                                 |Chèque BGFI         |BGFI BANK|45381
17/09/2020|L05_02_20200917_41933|L05|Agence Principale|6717837                                 |Chèque BGFI         |BGFI BANK|44394
17/09/2020|L05_02_20200917_41933|L05|Agence Principale|6767094                                 |Chèque BICIG        |BGFI BANK|176483
17/09/2020|L05_02_20200917_41933|L05|Agence Principale|6770409                                 |Chèque BICIG        |BGFI BANK|276847
17/09/2020|L05_02_20200917_41933|L05|Agence Principale|6883032                                 |Chèque BICIG        |BGFI BANK|226907
17/09/2020|L05_02_20200917_41933|L05|Agence Principale|7053562                                 |Chèque BICIG        |BGFI BANK|573917
17/09/2020|L05_02_20200917_41933|L05|Agence Principale|7119788                                 |Chèque BGFI         |BGFI BANK|70594
17/09/2020|L05_02_20200917_41933|L05|Agence Principale|9920391                                 |Chèque UGB          |BGFI BANK|44030
17/09/2020|L06_01_20200917_41960|L06|Agence Nzeng Ayong|                                        |Espèces|CITIBANK|607132
17/09/2020|L06_02_20200917_41954|L06|Agence Nzeng Ayong|6869836                                 |Chèque BICIG        |CITIBANK|154397
17/09/2020|L07_01_20200917_41945|L07|Agence Sainte Marie|                                        |Espèces|CITIBANK|18900
17/09/2020|L07_01_20200917_41951|L07|Agence Sainte Marie|                                        |Espèces|CITIBANK|555273
17/09/2020|L07_02_20200917_41947|L07|Agence Sainte Marie|6994924                                 |Chèque BICIG        |CITIBANK|125494
17/09/2020|L08_01_20200917_41961|L08|Agence Owendo|                                        |Espèces|UBA BANK|864020
17/09/2020|L08_02_20200917_41962|L08|Agence Owendo|0006545                                 |Chèque UGB          |UBA BANK|277229
17/09/2020|L08_02_20200917_41962|L08|Agence Owendo|6574891                                 |Chèque BICIG        |UBA BANK|14280
17/09/2020|L08_02_20200917_41962|L08|Agence Owendo|6666241                                 |Chèque BGFI         |UBA BANK|227309
17/09/2020|L08_02_20200917_41962|L08|Agence Owendo|6993272                                 |Chèque BICIG        |UBA BANK|90762
17/09/2020|L08_02_20200917_41962|L08|Agence Owendo|7008326                                 |Chèque BGFI         |UBA BANK|374125
17/09/2020|L10_01_20200917_41932|L10|Agence Carrefour SNI|                                        |Espèces|UBA BANK|84769
17/09/2020|L11_01_20200917_41953|L11|Agence Franceville|                                        |Espèces|UGB BANK|428571
17/09/2020|L12_01_20200917_41963|L12|Agence Port-Gentil|                                        |Espèces|UGB BANK|526744
17/09/2020|L12_02_20200917_41964|L12|Agence Port-Gentil|0000183                                 |Chèque UGB          |BGFI BANK|149944
17/09/2020|L12_02_20200917_41964|L12|Agence Port-Gentil|3466492                                 |Chèque ORABANK      |BGFI BANK|371692
17/09/2020|L12_02_20200917_41964|L12|Agence Port-Gentil|6446529                                 |Chèque BGFI         |BGFI BANK|408440
17/09/2020|L12_02_20200917_41964|L12|Agence Port-Gentil|6826261                                 |Chèque BGFI         |BGFI BANK|65346
17/09/2020|L12_02_20200917_41964|L12|Agence Port-Gentil|6898222                                 |Chèque BICIG        |BGFI BANK|723782
17/09/2020|L12_02_20200917_41964|L12|Agence Port-Gentil|6898230                                 |Chèque BICIG        |BGFI BANK|151271
17/09/2020|L12_02_20200917_41964|L12|Agence Port-Gentil|7042555                                 |Chèque UGB          |BGFI BANK|45381
17/09/2020|L12_02_20200917_41964|L12|Agence Port-Gentil|7042556                                 |Chèque UGB          |BGFI BANK|45381
17/09/2020|L12_02_20200917_41964|L12|Agence Port-Gentil|7054227                                 |Chèque BICIG        |BGFI BANK|45381
17/09/2020|L12_02_20200917_41964|L12|Agence Port-Gentil|7836232                                 |Chèque UGB          |BGFI BANK|254849
17/09/2020|L12_02_20200917_41964|L12|Agence Port-Gentil|9638706                                 |Chèque UGB          |BGFI BANK|30000
17/09/2020|L13_01_20200917_41928|L13|Agence Koulamoutou|                                        |Espèces|ORABANK Recettes|2865252
17/09/2020|L14_01_20200917_41925|L14|Agence Oyem|                                        |Espèces|UGB BANK|2551500
17/09/2020|L14_01_20200917_41929|L14|Agence Oyem|                                        |Espèces|UGB BANK|10000
17/09/2020|L15_01_20200917_41952|L15|Agence Lambaréné|                                        |Espèces|   BGFI BANK                            |62848
17/09/2020|L16_01_20200917_41959|L16|Agence Mouila|                                        |Espèces|BICIG BANK|199556
17/09/2020|L17_01_20200917_41938|L17|Agence Moanda|                                        |Espèces|   BGFI BANK                            |260184
17/09/2020|L22_01_20200917_41939|L22|Agence Mbolo|                                        |Espèces|ORABANK Recettes|1349595
17/09/2020|L22_02_20200917_41936|L22|Agence Mbolo|6994880                                 |Chèque BICIG        |ORABANK Recettes|65450
17/09/2020|L22_02_20200917_41936|L22|Agence Mbolo|7428748                                 |Chèque BGFI         |ORABANK Recettes|94111
17/09/2020|L25_01_20200917_41950|L25|Agence AVORBAM|                                        |Espèces|BGFI BANK|1416876
17/09/2020|L25_02_20200917_41948|L25|Agence AVORBAM|6903985                                 |Chèque BICIG        |BGFI BANK|25213
17/09/2020|L25_02_20200917_41948|L25|Agence AVORBAM|7031274                                 |Chèque BICIG        |BGFI BANK|35297
17/09/2020|L29_01_20200917_41955|L29|Agence FTTH|                                        |Espèces|BGFI BANK|2328657
17/09/2020|L29_02_20200917_41949|L29|Agence FTTH|3432515                                 |Chèque ORABANK      |BGFI BANK|119384
17/09/2020|L29_02_20200917_41949|L29|Agence FTTH|7303445                                 |Chèque BGFI         |BGFI BANK|191311
17/09/2020|L32_02_20200918_41969|L32|DCM - distribution|0014042                                 |Chèque ECOBANK      |BGFI BANK|94500000
17/09/2020|L32_02_20200918_41969|L32|DCM - distribution|0014043                                 |Chèque ECOBANK      |BGFI BANK|51750000
17/09/2020|L32_02_20200918_41969|L32|DCM - distribution|6929317                                 |Chèque BICIG        |BGFI BANK|90000000
17/09/2020|L32_04_20200917_41926|L32|DCM - distribution|874851                                  |BGFI  Virement      |BGFI BANK|5008500
17/09/2020|L32_04_20200917_41926|L32|DCM - distribution|874857                                  |BGFI  Virement      |BGFI BANK|812700
17/09/2020|L32_04_20200917_41926|L32|DCM - distribution|874874                                  |BGFI  Virement      |BGFI BANK|8939700
17/09/2020|L39_01_20200917_41940|L39|Agence Makokou|                                        |Espèces|ORABANK Recettes|17076150
17/09/2020|L39_01_20200917_41941|L39|Agence Makokou|                                        |Espèces|ORABANK Recettes|72780
17/09/2020|L40_01_20200917_41930|L40|Agence Gamba|                                        |Espèces|BICIG BANK|10000
17/09/2020|L40_01_20200917_41931|L40|Agence Gamba|                                        |Espèces|BICIG BANK|25000
17/09/2020|L40_01_20200917_41934|L40|Agence Gamba|                                        |Espèces|BICIG BANK|70000
17/09/2020|L79_01_20200917_41927|L79|Agence Tchibanga|                                        |Espèces|ORABANK Recettes|378000
17/09/2020|L80_01_20200917_41965|L80|Agence Bitam|                                        |Espèces|UGB BANK|28350
17/09/2020|L86_01_20200918_41966|L86|Agence Mont-Bouet|                                        |Espèces|UBA BANK|113400
17/09/2020|L86_01_20200918_41968|L86|Agence Mont-Bouet|                                        |Espèces|UBA BANK|135533
17/09/2020|L86_02_20200918_41967|L86|Agence Mont-Bouet|6956079                                 |Chèque BICIG        |UBA BANK|329974
17/09/2020|L87_01_20200917_41957|L87|Agence PK8|                                        |Espèces|UBA BANK|499282
17/09/2020|M02_01_20200917_41942|M02|Agence Awendje|                                        |Espèces|BGFI BANK|9450
17/09/2020|M02_01_20200917_41943|M02|Agence Awendje|                                        |Espèces|BGFI BANK|270557
18/09/2020|L02_01_20200918_41979|L02|Agence Okala|                                        |Espèces|BGFI BANK|533385
18/09/2020|L02_02_20200918_41981|L02|Agence Okala|7964812                                 |Chèque UGB          |BGFI BANK|595000
18/09/2020|L03_01_20200918_42005|L03|Agence des Arcades|                                        |Espèces|UBA BANK|2789963
18/09/2020|L03_02_20200918_42004|L03|Agence des Arcades|0000404                                 |Chèque UGB          |UBA BANK|25213
18/09/2020|L03_02_20200918_42004|L03|Agence des Arcades|0001252                                 |Chèque UGB          |UBA BANK|121017
18/09/2020|L03_02_20200918_42004|L03|Agence des Arcades|0820727                                 |Chèque UBA          |UBA BANK|25213
18/09/2020|L03_02_20200918_42004|L03|Agence des Arcades|6103972                                 |Chèque UGB          |UBA BANK|100000
18/09/2020|L03_02_20200918_42004|L03|Agence des Arcades|6802026                                 |Chèque BICIG        |UBA BANK|44030
18/09/2020|L03_02_20200918_42004|L03|Agence des Arcades|6802027                                 |Chèque BICIG        |UBA BANK|75636
18/09/2020|L03_02_20200918_42004|L03|Agence des Arcades|6802028                                 |Chèque BICIG        |UBA BANK|290300
18/09/2020|L03_02_20200918_42004|L03|Agence des Arcades|6858416                                 |Chèque BGFI         |UBA BANK|201696
18/09/2020|L03_02_20200918_42004|L03|Agence des Arcades|6974153                                 |Chèque BICIG        |UBA BANK|162705
18/09/2020|L03_02_20200918_42004|L03|Agence des Arcades|6997894                                 |Chèque BGFI         |UBA BANK|540279
18/09/2020|L03_02_20200918_42004|L03|Agence des Arcades|7361664                                 |Chèque BGFI         |UBA BANK|45381
18/09/2020|L03_02_20200918_42004|L03|Agence des Arcades|7437502                                 |Chèque BGFI         |UBA BANK|511071
18/09/2020|L04_01_20200918_42001|L04|Agence Evolis|                                        |Espèces|CITIBANK|1953449
18/09/2020|L04_02_20200918_42000|L04|Agence Evolis|0703822                                 |Chèque UBA          |CITIBANK|249801
18/09/2020|L04_02_20200918_42000|L04|Agence Evolis|2371216                                 |Chèque ORABANK      |CITIBANK|750961
18/09/2020|L04_02_20200918_42000|L04|Agence Evolis|2820064                                 |Chèque ECOBANK      |CITIBANK|80673
18/09/2020|L04_02_20200918_42000|L04|Agence Evolis|6254876                                 |Chèque BICIG        |CITIBANK|127070
18/09/2020|L04_02_20200918_42000|L04|Agence Evolis|6255530                                 |Chèque BICIG        |CITIBANK|267346
18/09/2020|L04_02_20200918_42000|L04|Agence Evolis|6442785                                 |Chèque BICIG        |CITIBANK|1801418
18/09/2020|L04_02_20200918_42000|L04|Agence Evolis|6476410                                 |Chèque CDC          |CITIBANK|42934
18/09/2020|L04_02_20200918_42000|L04|Agence Evolis|6676374                                 |Chèque BICIG        |CITIBANK|173648
18/09/2020|L04_02_20200918_42000|L04|Agence Evolis|6746337                                 |Chèque BICIG        |CITIBANK|961370
18/09/2020|L04_02_20200918_42000|L04|Agence Evolis|6917974                                 |Chèque BICIG        |CITIBANK|1594600
18/09/2020|L04_02_20200918_42000|L04|Agence Evolis|6930315                                 |Chèque BICIG        |CITIBANK|850513
18/09/2020|L04_02_20200918_42000|L04|Agence Evolis|6930316                                 |Chèque BICIG        |CITIBANK|151997
18/09/2020|L04_02_20200918_42000|L04|Agence Evolis|6984378                                 |Chèque BICIG        |CITIBANK|126166
18/09/2020|L04_02_20200918_42000|L04|Agence Evolis|6984379                                 |Chèque BICIG        |CITIBANK|912391
18/09/2020|L04_02_20200918_42000|L04|Agence Evolis|7102189                                 |Chèque BGFI         |CITIBANK|565093
18/09/2020|L04_02_20200918_42000|L04|Agence Evolis|7118476                                 |Chèque BICIG        |CITIBANK|606790
18/09/2020|L04_02_20200918_42000|L04|Agence Evolis|7150611                                 |Chèque BGFI         |CITIBANK|200464
18/09/2020|L04_02_20200918_42000|L04|Agence Evolis|7171246                                 |Chèque BGFI         |CITIBANK|459034
18/09/2020|L04_02_20200918_42000|L04|Agence Evolis|7207182                                 |Chèque BGFI         |CITIBANK|1843841
18/09/2020|L04_02_20200918_42000|L04|Agence Evolis|7207183                                 |Chèque BGFI         |CITIBANK|45381
18/09/2020|L04_02_20200918_42000|L04|Agence Evolis|7207184                                 |Chèque BGFI         |CITIBANK|86186
18/09/2020|L04_02_20200918_42000|L04|Agence Evolis|7340570                                 |Chèque BGFI         |CITIBANK|595000
18/09/2020|L04_02_20200918_42000|L04|Agence Evolis|7340571                                 |Chèque BGFI         |CITIBANK|539571
18/09/2020|L04_02_20200918_42000|L04|Agence Evolis|7398010                                 |Chèque BGFI         |CITIBANK|2107904
18/09/2020|L05_01_20200918_42003|L05|Agence Principale|                                        |Espèces|UBA BANK|2474879
18/09/2020|L05_02_20200918_41985|L05|Agence Principale|0000056                                 |Chèque ECOBANK      |UBA BANK|24850
18/09/2020|L05_02_20200918_41985|L05|Agence Principale|2226444                                 |Chèque ORABANK      |UBA BANK|2199899
18/09/2020|L05_02_20200918_41985|L05|Agence Principale|4524714                                 |Chèque BICIG        |UBA BANK|44000
18/09/2020|L05_02_20200918_41985|L05|Agence Principale|6947604                                 |Chèque BGFI         |UBA BANK|179137
18/09/2020|L05_02_20200918_41985|L05|Agence Principale|7039365                                 |Chèque BGFI         |UBA BANK|1319710
18/09/2020|L05_02_20200918_41985|L05|Agence Principale|7039366                                 |Chèque BGFI         |UBA BANK|145901
18/09/2020|L05_02_20200918_41985|L05|Agence Principale|7136000                                 |Chèque BGFI         |UBA BANK|442274
18/09/2020|L05_02_20200918_41985|L05|Agence Principale|7281723                                 |Chèque BGFI         |UBA BANK|666294
18/09/2020|L05_02_20200918_41985|L05|Agence Principale|7281726                                 |Chèque BGFI         |UBA BANK|430749
18/09/2020|L05_02_20200918_41985|L05|Agence Principale|7362808                                 |Chèque BGFI         |UBA BANK|595000
18/09/2020|L05_02_20200918_41985|L05|Agence Principale|7362809                                 |Chèque BGFI         |UBA BANK|328792
18/09/2020|L05_02_20200918_41985|L05|Agence Principale|7703452                                 |Chèque UGB          |UBA BANK|238553
18/09/2020|L05_02_20200918_41985|L05|Agence Principale|9999055                                 |Chèque UGB          |UBA BANK|45448
18/09/2020|L06_01_20200918_41994|L06|Agence Nzeng Ayong|                                        |Espèces|UBA BANK|977966
18/09/2020|L07_01_20200918_41987|L07|Agence Sainte Marie|                                        |Espèces|UBA BANK|18900
18/09/2020|L07_01_20200918_41992|L07|Agence Sainte Marie|                                        |Espèces|UBA BANK|1364272
18/09/2020|L07_02_20200918_41989|L07|Agence Sainte Marie|6898857                                 |Chèque BICIG        |UBA BANK|176886
18/09/2020|L07_02_20200918_41989|L07|Agence Sainte Marie|7049582                                 |Chèque BGFI         |UBA BANK|151270
18/09/2020|L07_02_20200918_41989|L07|Agence Sainte Marie|7061599                                 |Chèque BGFI         |UBA BANK|112897
18/09/2020|L07_02_20200918_41989|L07|Agence Sainte Marie|7148101                                 |Chèque BICIG        |UBA BANK|75636
18/09/2020|L07_02_20200918_41989|L07|Agence Sainte Marie|7162242                                 |Chèque BGFI         |UBA BANK|45381
18/09/2020|L07_02_20200918_41989|L07|Agence Sainte Marie|7162243                                 |Chèque BGFI         |UBA BANK|504237
18/09/2020|L07_02_20200918_41989|L07|Agence Sainte Marie|7262685                                 |Chèque BGFI         |UBA BANK|35297
18/09/2020|L08_01_20200918_42006|L08|Agence Owendo|                                        |Espèces|UBA BANK|3219901
18/09/2020|L08_02_20200918_42007|L08|Agence Owendo|7064591                                 |Chèque BGFI         |UBA BANK|371299
18/09/2020|L10_01_20200918_41990|L10|Agence Carrefour SNI|                                        |Espèces|UBA BANK|622000
18/09/2020|L11_01_20200918_41996|L11|Agence Franceville|                                        |Espèces|UGB BANK|2919551
18/09/2020|L12_01_20200920_42015|L12|Agence Port-Gentil|                                        |Espèces|UGB BANK|1019823
18/09/2020|L12_02_20200920_42016|L12|Agence Port-Gentil|0005886                                 |Chèque UGB          |BGFI BANK|259884
18/09/2020|L12_02_20200920_42016|L12|Agence Port-Gentil|0010220                                 |Chèque BICIG        |BGFI BANK|1671224
18/09/2020|L12_02_20200920_42016|L12|Agence Port-Gentil|0800442                                 |Chèque UBA          |BGFI BANK|130960
18/09/2020|L12_02_20200920_42016|L12|Agence Port-Gentil|0927300                                 |Chèque CITIGROUP    |BGFI BANK|936974
18/09/2020|L12_02_20200920_42016|L12|Agence Port-Gentil|0942574                                 |Chèque CITIGROUP    |BGFI BANK|1762023
18/09/2020|L12_02_20200920_42016|L12|Agence Port-Gentil|0942603                                 |Chèque CITIGROUP    |BGFI BANK|3196648
18/09/2020|L12_02_20200920_42016|L12|Agence Port-Gentil|0960218                                 |Chèque CITIGROUP    |BGFI BANK|1839229
18/09/2020|L12_02_20200920_42016|L12|Agence Port-Gentil|0960626                                 |Chèque CITIGROUP    |BGFI BANK|1183719
18/09/2020|L12_02_20200920_42016|L12|Agence Port-Gentil|0960794                                 |Chèque CITIGROUP    |BGFI BANK|1922990
18/09/2020|L12_02_20200920_42016|L12|Agence Port-Gentil|2388486                                 |Chèque BICIG        |BGFI BANK|34450
18/09/2020|L12_02_20200920_42016|L12|Agence Port-Gentil|2889032                                 |Chèque ECOBANK      |BGFI BANK|17850
18/09/2020|L12_02_20200920_42016|L12|Agence Port-Gentil|3287310                                 |Chèque ORABANK      |BGFI BANK|270636
18/09/2020|L12_02_20200920_42016|L12|Agence Port-Gentil|3312058                                 |Chèque ORABANK      |BGFI BANK|45381
18/09/2020|L12_02_20200920_42016|L12|Agence Port-Gentil|3458383                                 |Chèque ORABANK      |BGFI BANK|55346
18/09/2020|L12_02_20200920_42016|L12|Agence Port-Gentil|5936533                                 |Chèque BGFI         |BGFI BANK|1235381
18/09/2020|L12_02_20200920_42016|L12|Agence Port-Gentil|6465536                                 |Chèque BICIG        |BGFI BANK|338178
18/09/2020|L12_02_20200920_42016|L12|Agence Port-Gentil|6540449                                 |Chèque BICIG        |BGFI BANK|90762
18/09/2020|L12_02_20200920_42016|L12|Agence Port-Gentil|6582233                                 |Chèque BICIG        |BGFI BANK|1268835
18/09/2020|L12_02_20200920_42016|L12|Agence Port-Gentil|6670039                                 |Chèque BICIG        |BGFI BANK|136547
18/09/2020|L12_02_20200920_42016|L12|Agence Port-Gentil|6836639                                 |Chèque BICIG        |BGFI BANK|89524
18/09/2020|L12_02_20200920_42016|L12|Agence Port-Gentil|7408206                                 |Chèque BGFI         |BGFI BANK|534490
18/09/2020|L13_01_20200918_41977|L13|Agence Koulamoutou|                                        |Espèces|ORABANK Recettes|3780000
18/09/2020|L14_01_20200918_41975|L14|Agence Oyem|                                        |Espèces|UGB BANK|5197500
18/09/2020|L14_01_20200918_41976|L14|Agence Oyem|                                        |Espèces|UGB BANK|71150
18/09/2020|L15_01_20200918_42002|L15|Agence Lambaréné|                                        |Espèces|   BGFI BANK                            |342503
18/09/2020|L16_01_20200918_42010|L16|Agence Mouila|                                        |Espèces|BICIG BANK|140165
18/09/2020|L17_01_20200918_41995|L17|Agence Moanda|                                        |Espèces|   BGFI BANK                            |465548
18/09/2020|L22_01_20200918_41984|L22|Agence Mbolo|                                        |Espèces|ORABANK Recettes|2310683
18/09/2020|L22_02_20200918_41982|L22|Agence Mbolo|N°6689881                               |Chèque BICIG        |ORABANK Recettes|39331
18/09/2020|L25_01_20200918_41999|L25|Agence AVORBAM|                                        |Espèces|BGFI BANK|1530263
18/09/2020|L25_02_20200918_41998|L25|Agence AVORBAM|2716790                                 |Chèque BICIG        |BGFI BANK|148836
18/09/2020|L25_02_20200918_41998|L25|Agence AVORBAM|6777845                                 |Chèque BICIG        |BGFI BANK|30254
18/09/2020|L29_01_20200918_42009|L29|Agence FTTH|                                        |Espèces|UBA BANK|2668832
18/09/2020|L29_02_20200918_42008|L29|Agence FTTH|6074794                                 |Chèque BGFI         |UBA BANK|60507
18/09/2020|L29_02_20200918_42008|L29|Agence FTTH|60774794                                |Chèque BGFI         |UBA BANK|45381
18/09/2020|L29_02_20200918_42008|L29|Agence FTTH|6866837                                 |Chèque BGFI         |UBA BANK|45381
18/09/2020|L29_02_20200918_42008|L29|Agence FTTH|7010420                                 |Chèque BICIG        |UBA BANK|410650
18/09/2020|L29_02_20200918_42008|L29|Agence FTTH|7098738                                 |Chèque BICIG        |UBA BANK|45381
18/09/2020|L29_02_20200918_42008|L29|Agence FTTH|7098739                                 |Chèque BICIG        |UBA BANK|45381
18/09/2020|L29_02_20200918_42008|L29|Agence FTTH|7188320                                 |Chèque BGFI         |UBA BANK|35297
18/09/2020|L29_02_20200918_42008|L29|Agence FTTH|9704897                                 |Chèque UGB          |UBA BANK|25213
18/09/2020|L32_02_20200921_42019|L32|DCM - distribution|0014045                                 |Chèque ECOBANK      |BGFI BANK|94500000
18/09/2020|L32_02_20200921_42019|L32|DCM - distribution|0014046                                 |Chèque ECOBANK      |BGFI BANK|94500000
18/09/2020|L32_02_20200921_42019|L32|DCM - distribution|0014047                                 |Chèque ECOBANK      |BGFI BANK|94500000
18/09/2020|L32_02_20200921_42019|L32|DCM - distribution|0014048                                 |Chèque ECOBANK      |BGFI BANK|7050000
18/09/2020|L32_04_20200921_42020|L32|DCM - distribution|013233                                  |Orabank Virement                        |ORABANK|387450000
18/09/2020|L32_02_20200921_42019|L32|DCM - distribution|5877165                                 |Chèque UGB          |BGFI BANK|40000000
18/09/2020|L32_02_20200921_42019|L32|DCM - distribution|6929339                                 |Chèque BICIG        |BGFI BANK|38000000
18/09/2020|L32_04_20200921_42021|L32|DCM - distribution|875467                                  |BGFI  Virement      |BGFI BANK|4006800
18/09/2020|L32_04_20200921_42021|L32|DCM - distribution|875470                                  |BGFI  Virement      |BGFI BANK|8996400
18/09/2020|L39_01_20200918_41973|L39|Agence Makokou|                                        |Espèces|ORABANK Recettes|12077100
18/09/2020|L39_01_20200918_41974|L39|Agence Makokou|                                        |Espèces|ORABANK Recettes|39140
18/09/2020|L40_01_20200918_41972|L40|Agence Gamba|                                        |Espèces|BICIG BANK|50000
18/09/2020|L79_01_20200918_41997|L79|Agence Tchibanga|                                        |Espèces|ORABANK Recettes|1039500
18/09/2020|L80_01_20200918_41970|L80|Agence Bitam|                                        |Espèces|UGB BANK|28350
18/09/2020|L80_01_20200918_41971|L80|Agence Bitam|                                        |Espèces|UGB BANK|25000
18/09/2020|L86_01_20200918_41983|L86|Agence Mont-Bouet|                                        |Espèces|UBA BANK|28350
18/09/2020|L86_01_20200918_41988|L86|Agence Mont-Bouet|                                        |Espèces|UBA BANK|116888
18/09/2020|L87_01_20200918_41978|L87|Agence PK8|                                        |Espèces|UBA BANK|132370
18/09/2020|L87_01_20200918_41980|L87|Agence PK8|                                        |Espèces|UBA BANK|26225
18/09/2020|M02_01_20200918_41991|M02|Agence Awendje|                                        |Espèces|UBA BANK|47250
18/09/2020|M02_01_20200918_41993|M02|Agence Awendje|                                        |Espèces|UBA BANK|1398169
18/09/2020|M02_02_20200918_41986|M02|Agence Awendje|6553635                                 |Chèque BICIG        |UBA BANK|47600
19/09/2020|L03_01_20200919_42012|L03|Agence des Arcades|                                        |Espèces|UBA BANK|1521814
19/09/2020|L03_02_20200919_42011|L03|Agence des Arcades|7086871                                 |Chèque BGFI         |UBA BANK|204274
19/09/2020|L22_01_20200921_42018|L22|Agence Mbolo|                                        |Espèces|ORABANK Recettes|1936952
19/09/2020|L22_02_20200921_42017|L22|Agence Mbolo|N°5091698                               |Chèque BGFI         |ORABANK Recettes|45381
19/09/2020|L22_02_20200921_42017|L22|Agence Mbolo|N°7043176                               |Chèque BICIG        |ORABANK Recettes|25213
19/09/2020|L86_01_20200919_42013|L86|Agence Mont-Bouet|                                        |Espèces|UBA BANK|56700
19/09/2020|L86_01_20200919_42014|L86|Agence Mont-Bouet|                                        |Espèces|UBA BANK|188197
21/09/2020|L02_01_20200921_42034|L02|Agence Okala|                                        |Espèces|BGFI BANK|1266654
21/09/2020|L02_02_20200921_42031|L02|Agence Okala|6353993                                 |Chèque BICIG        |BGFI BANK|45381
21/09/2020|L02_02_20200921_42031|L02|Agence Okala|6657267                                 |Chèque BICIG        |BGFI BANK|146228
21/09/2020|L02_02_20200921_42031|L02|Agence Okala|6996301                                 |Chèque BICIG        |BGFI BANK|56496
21/09/2020|L03_01_20200921_42059|L03|Agence des Arcades|                                        |Espèces|BGFI BANK|3252281
21/09/2020|L03_02_20200921_42058|L03|Agence des Arcades|0000108                                 |Chèque UGB          |BGFI BANK|190277
21/09/2020|L03_02_20200921_42058|L03|Agence des Arcades|2653512                                 |Chèque ECOBANK      |BGFI BANK|1357507
